X,Y,Z
376,40,15040
648,76,15084
560,176,14892
492,-56,15044
-68,-228,14968
-652,1568,13680
1072,44,15196
724,-408,15376
232,-384,14676
1716,-1264,15916
1052,-672,15628
16,388,15508
552,-96,14840
1044,-1004,15460
-208,104,15024
236,1040,14748
292,168,14712
268,1108,14516
1100,-640,15568
1032,56,15384
1500,-664,15680
-120,896,14596
-504,1168,14576
608,20,14900
-508,264,15044
496,368,14952
172,-396,14672
792,1168,14776
84,-1316,14704
744,-520,15652
-476,280,14376
892,536,15644
252,1128,14772
1024,-112,15360
760,728,15036
-180,216,14484
-96,-356,15028
536,-100,15076
1116,-900,15252
952,-76,15496
388,-256,14976
-268,688,15072
548,-436,15192
-744,1304,14612
804,-120,15176
1328,-1272,15824
60,972,14648
844,-256,15812
232,-252,14292
40,964,14592
1276,-388,15992
1368,-980,15732
204,80,14876
812,548,14972
936,-368,15476
832,320,15032
672,-584,15436
380,-2496,16060
724,-372,15084
292,-344,15348
-716,1156,14260
512,-608,15260
-24,628,14900
-640,996,13816
16,64,13884
360,332,15084
536,-464,14768
-76,712,14468
1288,-1084,15476
1756,-1088,16076
292,-532,15212
112,-976,14576
144,688,14984
-400,-72,14712
1652,-272,15812
1436,-228,16020
1568,-1020,15916
1052,-228,14716
1088,640,14724
632,-652,15436
-1076,1440,13820
-400,-156,14464
4,-60,15004
408,80,14964
1392,-1320,15344
808,124,15312
-248,188,14700
704,-328,15132
96,-332,14820
0,464,15200
1304,-704,15380
360,232,15240
1068,-1172,15160
1972,-1992,16372
-1172,356,14184
1416,436,15692
48,224,14948
-228,100,14412
-284,976,15604
544,1096,14808
-388,408,14500
1908,-1076,15172
1004,-160,15920
900,-920,15240
1756,-344,15272
1176,212,15508
-568,1128,13928
204,568,14964
-1328,364,14636
952,-432,15140
1304,-1016,15676
148,-268,14704
528,-296,15252
1508,-88,15480
0,664,14412
812,-320,14924
708,248,15312
416,1008,14116
164,52,14816
260,936,14704
-68,1684,13800
1388,-136,15488
160,-940,15132
1036,420,14888
-532,-296,14228
156,-656,14904
1056,-84,14860
340,-600,14580
984,684,14180
292,336,14364
2488,-1812,15748
508,-432,14768
-152,140,14660
1468,-268,15716
528,400,15392
540,-264,14984
128,352,14740
656,-588,15404
228,716,14976
700,-40,14588
1056,-1360,15704
292,856,14352
980,-1128,14824
572,172,14980
304,-228,14964
1164,-188,16124
-412,-812,14684
996,-408,15740
924,-464,15604
324,-228,14832
2192,-944,15956
780,256,15124
648,-76,15120
348,540,14624
-192,788,14368
-108,-76,14488
288,132,14680
572,104,15204
448,312,14996
660,1284,14688
180,-148,15048
436,-188,15400
588,-588,15192
-1236,1628,14484
656,528,15608
1660,-304,16184
272,-336,15316
520,620,15480
224,564,14924
140,436,14684
248,300,14912
336,-96,14496
680,-568,14536
1232,-180,15868
2128,-1332,15980
24,812,14608
320,-720,14000
380,760,14020
1244,-1112,15592
1100,-1124,14860
404,80,14776
8,912,14924
188,652,15224
704,384,15256
388,156,14752
188,-352,15084
772,-164,15512
396,404,14404
912,-1452,15608
1064,-536,15616
1004,4,15624
1628,-656,15624
920,856,14888
324,-476,14612
1472,-736,15372
1000,276,15228
512,-1204,15588
1096,-792,15756
700,632,14672
948,-456,15416
1168,-728,15632
1324,-140,15772
-392,-820,14552
1612,-592,15092
1284,-920,15476
1400,196,15412
336,-92,14940
852,-12,15680
260,-708,16096
-100,300,14532
588,-844,15176
984,-204,15132
284,4,15384
452,0,15152
1616,-540,15912
1200,-340,14844
756,-932,15316
1180,-168,15436
1744,-864,16000
-260,588,14816
1596,-620,15520
1096,-352,15600
944,-248,14740
600,296,15492
1116,-1140,14868
108,-156,15196
1032,-700,15076
1104,344,15660
-1192,1832,14096
-440,636,14424
680,648,15184
140,-36,15016
660,-96,15224
504,440,14784
-1224,2064,14072
1900,-1512,14912
600,124,15208
1808,-1016,16140
740,-136,15744
1048,-84,15224
956,748,15408
-264,856,14316
764,-696,15028
532,372,15672
0,388,14616
156,-580,15212
1272,-364,15364
600,252,15444
824,-616,15008
1680,228,15720
260,-340,14608
-668,1408,15012
340,-156,14828
612,392,14432
956,-92,15276
580,736,15180
744,-144,15488
492,348,15864
-228,-268,14532
1016,-1336,15588
-208,1128,14748
184,-88,14592
364,208,14832
-556,-624,14464
984,-428,14704
616,32,15064
780,-168,15696
1896,-1476,14836
224,-412,14648
732,-692,14292
664,-824,14828
772,-608,14944
1280,-1832,15580
1704,-644,15204
360,-204,13964
676,96,15616
2060,-464,16164
-28,56,14840
216,-320,14848
768,-1160,14520
1088,-640,15288
-240,1004,14096
1364,-788,15732
1408,-616,15484
1216,-84,15908
372,1064,14736
668,-1464,15464
1644,-1236,15504
-452,740,14224
1436,-96,15896
1240,-1240,15768
476,-1404,14808
748,-252,15020
1952,-1268,15568
936,172,15888
-140,2016,14340
-184,1540,14020
2192,-1224,15644
760,-616,14880
820,-932,15696
-404,212,14880
312,412,14528
252,-852,15068
92,836,13492
-124,212,15300
448,960,14764
596,-416,15576
-500,-740,15180
448,-740,15436
388,-504,15372
1672,-248,16180
540,432,15296
324,-196,14828
8,-584,14896
700,-532,15300
1624,-348,16052
596,760,14428
-596,1912,15008
876,556,14904
8,260,14548
836,-148,14724
1212,-672,15064
-60,-344,14572
-40,452,14044
592,384,15028
748,284,15944
904,-184,14964
1756,-1860,15952
540,-268,15016
1252,-916,15056
424,440,14632
144,-44,15288
-112,84,15240
496,268,14212
1004,-1104,15232
856,-368,15764
976,364,15192
184,516,14136
-784,652,14144
548,-1056,14756
16,-496,14692
852,-268,15316
-416,652,14716
532,280,15216
772,-36,15764
-40,520,15000
188,288,13980
516,624,15124
996,-348,15672
-380,212,14152
36,-892,14704
232,464,14812
44,-232,14776
680,532,15388
-416,324,14120
592,-304,15516
844,-512,15076
272,204,15168
-352,224,14912
968,396,15760
-400,744,14844
1380,136,15132
512,-712,14564
-400,1380,14660
-1220,1484,14208
780,-784,15364
88,264,14608
520,468,15304
-192,444,15184
-572,652,14444
296,212,14844
1328,-1016,15264
48,316,14708
1064,-72,15472
1140,-548,15444
320,-16,15016
292,248,14980
1432,116,15256
408,-32,15208
788,204,14740
264,72,15100
1460,72,15220
1148,248,15076
1724,-1024,15848
1296,300,15500
356,-832,15192
268,-56,15260
36,232,14544
1320,-404,15404
836,1320,15044
876,84,16048
-312,1132,14216
576,-712,15288
404,732,15040
304,604,14084
-740,704,14188
168,808,14820
288,640,14920
-464,1204,13632
-320,-404,14680
-144,896,14368
252,-188,15184
1008,-908,15192
1456,-1428,15916
376,-236,15348
412,324,15536
452,228,14768
356,-352,15356
296,64,14424
292,356,14788
1976,-912,15460
1204,724,15496
164,568,14416
316,-212,15300
340,136,14212
1344,-788,15900
1136,-1108,15516
1132,12,15996
1496,-144,15212
1068,-1236,15428
-340,228,14748
-48,1468,14248
756,-1388,14988
432,400,15432
352,504,15056
616,272,15200
828,-168,15756
-556,928,14192
680,-1112,15040
-12,16,14964
692,444,15252
64,160,14804
816,-468,15096
768,96,15380
1024,392,15684
1316,-84,15628
996,-44,14900
1548,-616,15448
220,156,15388
1200,-500,15516
380,444,14680
1064,1348,15600
340,-148,14732
-152,1012,14892
932,-128,15508
556,80,14516
872,-1716,15496
100,-368,15148
1184,-264,15244
456,-396,14604
-588,56,13792
1080,-644,15856
160,624,15072
-864,1188,14004
292,124,14724
1276,-952,15704
328,160,14760
1620,-676,15000
1792,-2024,15972
756,20,14672
652,-916,15156
1332,-288,14832
648,-1572,15708
852,216,15236
-24,1388,14032
300,-208,14308
1588,-1220,16056
64,676,14104
928,-244,15464
964,-264,15240
936,-608,14792
260,240,15320
672,-248,15040
-296,1616,14492
1076,-580,16124
1968,-1268,16356
144,4,15116
840,128,14748
960,-280,15220
476,-416,14968
320,1296,15300
1060,-264,15752
308,296,14784
492,-908,15212
1124,-192,15552
540,-852,14684
-212,-96,14240
632,168,15132
-436,-484,13432
168,-180,15140
708,-76,15260
-820,1752,13684
824,-528,15160
748,692,15932
1456,204,15484
704,-152,15552
-992,856,14592
1196,-1292,15364
1132,-40,15652
1084,140,15720
516,644,15128
628,524,15080
1132,-1252,15320
588,-312,14100
904,-380,15684
1584,-1520,15076
-1008,112,13864
20,-572,15708
1364,-76,15528
692,-96,14536
812,60,15684
1100,-524,15468
740,-232,15848
308,-664,14656
-1008,680,14844
252,-52,15284
752,-384,14940
-220,-360,14844
1196,-336,15248
1548,-392,15636
192,532,15008
360,528,15696
812,-184,14784
2044,-416,15908
64,672,14288
216,924,14612
580,64,15052
1072,48,14664
32,-140,15640
304,328,14284
-328,672,14456
-88,84,14812
716,-1312,15848
1612,-1044,15928
144,208,15380
356,-260,15104
-120,-120,14400
916,-188,15320
-840,1060,14236
4,348,14568
376,28,14364
420,208,15020
-912,1472,14332
280,-276,14932
976,-252,15488
188,-236,15252
-224,800,14592
704,480,15308
-160,852,14768
1080,-36,14920
128,80,15324
556,96,15648
-192,140,14796
648,-1120,15556
380,32,15168
96,524,15064
948,-368,15208
456,720,15672
1424,-712,14992
792,248,15220
744,-96,15132
632,-172,15100
768,-372,15092
64,60,14880
404,124,15208
724,-1316,15264
1244,-528,16252
832,84,13580
588,364,14900
792,-72,15524
332,-480,14980
688,-788,15612
420,-636,15324
660,-812,15472
476,-756,14708
-224,-828,15496
692,-1940,15476
264,1040,14876
484,-276,15016
-360,336,14888
1996,-1008,16112
16,700,14304
-652,-148,14400
-196,-316,14380
-740,424,13840
1584,-228,16096
-488,1124,14168
616,-716,15348
1388,-468,15864
-188,552,15228
-572,1004,14212
1200,100,16204
380,1036,15092
1208,-184,15664
120,-212,14984
248,1500,15144
28,-144,14008
1028,-28,15272
1284,-1016,15460
1564,-852,14668
556,-672,15856
1432,192,15708
-576,436,14724
944,-496,15380
-164,556,14820
-1424,1640,13804
752,-248,15328
320,1264,14964
876,-776,15436
40,712,15048
40,88,14628
-436,656,14972
692,-180,15752
436,892,14808
1404,-408,15940
-16,396,14612
168,1716,15412
1100,-864,15024
128,792,14812
312,420,14216
-736,1184,13700
-476,532,14852
1168,-512,15600
-496,-344,14236
1604,-248,16680
356,-596,14992
-236,988,14848
604,-272,15528
48,764,14948
500,-440,15248
52,432,15060
-104,248,15300
1100,-72,15468
1312,-744,15484
1152,100,15704
184,28,15924
1268,-36,15452
-524,1152,15116
1076,-1068,15392
324,64,14672
524,0,14748
60,-176,15152
388,764,15456
824,-1376,15688
1428,-728,14996
676,1284,15124
620,-244,15208
672,376,14748
1432,-1744,15776
1008,188,14908
712,-644,15680
268,496,15336
-136,536,14820
1092,-116,15796
1044,-476,15900
1060,-128,15392
120,288,14376
92,-244,14864
356,-688,15688
-72,8,14504
1192,-400,15268
504,912,15516
1620,-1028,14888
-368,680,14228
464,-812,15188
292,856,15012
-292,760,14136
-696,988,14444
580,-8,15356
-268,236,14684
912,-296,15588
792,-1504,15920
-108,100,13996
8,104,14908
88,448,15556
296,276,15280
1148,-796,15380
-416,-56,14632
-364,1248,14588
1416,-1404,16388
660,696,15000
-76,876,14892
1332,248,14412
344,404,15332
700,-176,14956
-100,352,14540
944,240,15468
348,1128,15036
1980,-704,16288
392,-112,14944
-352,764,14980
852,912,15232
868,-380,15540
1136,-408,14844
-468,408,13988
232,-380,14224
496,1228,14952
-860,956,14344
388,528,14968
1432,-412,15132
292,1388,14548
820,808,14928
344,252,15532
484,92,14420
72,464,15052
212,-16,14808
828,-584,15400
-396,620,14484
600,-1036,15012
1156,176,15900
-304,380,14696
-476,1924,14632
1284,972,14904
136,640,14624
1564,-1100,16184
1528,-744,15364
-336,1764,13844
288,636,14960
340,1188,14584
404,-116,14868
216,68,15176
-552,1260,14212
88,100,14420
416,-1044,15488
-56,1584,14564
308,-292,14216
660,-20,15788
96,-68,15204
2224,-544,16364
1284,-788,15368
-248,-272,14576
976,-124,16328
396,-552,14888
804,-400,15308
1024,-100,15264
-376,352,14564
-444,176,14128
656,-700,15616
-340,1000,14644
-1040,860,14740
244,768,15168
-24,452,14176
32,1048,14980
748,168,15720
572,1096,15068
20,-552,14624
-148,-500,14228
372,308,15596
-64,-388,14684
728,-88,15244
1260,976,15968
460,512,15204
1012,-216,15288
-536,1240,14364
840,-552,15344
776,-408,15412
-180,124,14316
-276,564,14524
1328,-1112,15532
496,136,15372
880,-736,15592
368,-16,15148
-336,1496,14056
184,196,14684
796,420,14468
856,-692,15388
836,396,15144
764,-1372,14916
-228,984,14248
-1140,-368,14432
192,-132,14640
1568,-996,16036
652,984,14956
1084,-620,14864
768,244,15072
204,-16,14684
204,-224,14796
1068,-344,15164
480,596,15188
476,-196,14964
608,-136,13540
408,-332,15084
584,-332,15448
1052,-260,16068
-824,200,14868
660,-736,14252
600,-692,15500
96,1384,14444
304,248,14420
148,-216,14776
716,-576,15704
200,304,15196
336,-776,14820
256,424,15344
136,624,15196
-132,20,15076
572,-408,15216
-208,12,15680
124,176,14672
-328,1136,14180
232,500,15240
-608,756,14780
-184,876,14756
860,40,15604
-160,708,14420
1292,-256,16236
800,-784,15280
500,-132,15640
2136,-1604,16556
540,236,14416
396,476,15160
-424,1108,14704
924,-264,15000
-256,1288,14024
1604,-2100,15588
212,-72,14628
140,-452,15000
392,424,14188
984,-880,15600
200,580,15020
696,1432,14936
648,1044,15068
-96,412,14444
-40,592,14728
580,20,15184
1044,-1012,14812
780,236,14924
104,-60,14560
820,164,14364
544,-360,14716
900,-4,15940
-8,-980,14960
2180,-1872,16308
-20,656,14216
620,720,14688
2036,-1536,16132
-96,352,15144
336,0,14388
732,-316,15804
496,292,14024
-184,720,14708
520,112,15080
-356,612,14732
1796,-1544,15656
216,220,15004
176,88,14756
-552,368,14636
-64,-268,14564
736,952,14932
752,-1088,14908
520,-1032,15108
692,-580,16000
-192,860,14112
4,972,14936
764,-476,15328
992,-684,16116
652,732,15140
744,64,15828
212,324,14968
692,-116,15176
376,596,14920
816,-1384,15924
-500,892,15104
568,872,14768
-560,692,15348
288,-524,14824
-164,308,14248
-64,88,14544
544,460,15028
976,-1340,15768
152,280,15360
628,492,15128
-696,-100,14668
1308,-824,15664
344,-296,14964
688,-476,15024
-192,640,14608
564,-1284,15420
-32,420,14288
768,872,15056
340,-288,15092
376,308,15372
780,384,15160
-188,728,14972
16,988,15172
528,-496,14720
-44,948,14976
900,-248,15552
224,892,14524
-472,1364,14824
684,528,15216
864,276,15092
840,-632,15144
136,592,14292
900,124,15444
28,980,15076
108,888,15016
-120,452,14636
952,964,15532
564,4,15080
1544,-796,15932
680,-1260,14980
664,-608,15508
820,-124,15512
-40,-1448,14716
36,-156,15236
-1056,1712,14212
232,260,15232
-796,1544,13644
-1104,-240,14600
408,-812,14916
1588,8,15596
752,892,15264
-136,1108,14020
904,-640,15352
1616,-720,15664
1372,-1104,15764
1148,-612,15676
-876,780,14016
-204,696,14332
-804,1296,14776
-520,524,14180
1232,-200,15344
488,-496,15172
-240,708,14268
712,-356,15372
1496,-1860,15908
508,-56,15676
684,-144,15392
988,-416,15572
172,612,15132
76,856,15384
540,-476,15192
1064,896,15840
1764,-956,15372
-424,516,14924
616,144,15624
912,-764,15560
1044,76,15216
1100,1788,15256
1136,204,15624
576,-660,15136
568,-1016,15372
-48,-236,14928
1772,-944,15628
1268,-352,15672
928,976,15448
1156,-1088,15420
604,-912,15604
368,624,15332
1248,-1696,15652
1500,-468,15856
520,656,14848
596,-872,15172
516,12,15460
-636,452,14460
-64,-1484,14912
-792,-488,14116
-380,844,14304
-248,132,15460
1040,652,15132
200,52,14972
1268,-784,15524
884,168,15124
256,-52,14872
36,1588,14748
-32,852,14304
488,744,14656
436,-688,14976
128,1216,14824
1608,-1564,16032
216,-160,15020
1116,-940,15608
1284,-1280,16268
848,-276,15476
1084,-1436,14572
564,388,14852
240,76,14868
728,-572,15784
816,940,15628
-68,496,14364
268,-388,15392
684,1304,15132
896,480,15724
708,436,14940
100,-640,15184
2344,12,15304
1264,-1616,15356
2220,-1324,15348
40,28,15444
-1056,1748,13956
1224,-156,15728
2264,-1704,15840
-300,1408,15016
1476,-256,16152
1924,-864,15888
-984,192,14936
-836,2876,14296
1748,-284,14944
296,-1060,15368
1304,-36,15844
312,-548,14776
1800,-472,14924
476,-36,15552
340,-1048,15232
-544,980,14704
52,700,15380
808,-256,14808
420,628,14980
848,28,14988
228,-212,14796
608,-128,15112
532,68,14924
340,-292,15056
496,228,15240
476,176,15264
480,56,15112
488,-56,15168
484,80,15160
388,-28,14972
488,48,15060
516,68,15052
444,12,14984
532,-44,15100
448,48,15220
380,12,15176
540,-12,14916
532,12,15096
376,20,15052
436,-100,15016
464,-36,15008
476,-56,14980
364,-12,15052
572,-80,15180
352,40,14900
440,-240,15232
564,20,15036
456,52,15252
360,-16,15016
504,36,15080
424,20,14888
492,-80,15080
400,68,15104
364,124,15048
504,32,15256
376,20,15136
508,4,14992
536,-44,15192
456,116,15096
372,-88,15064
396,112,15012
496,-44,15088
384,68,14912
464,-184,15136
336,24,15052
396,-56,14952
440,-4,15072
436,-64,14900
100,208,14852
400,-44,15224
280,180,14964
348,284,14984
720,16,15128
100,176,15080
632,-208,15092
496,-92,14992
676,-120,15372
272,80,14852
428,116,15012
480,-224,14964
288,-12,15224
412,-56,15072
356,88,14784
536,472,15324
464,60,15100
424,160,15068
460,120,15028
1140,316,15868
832,-176,14984
508,16,15140
360,48,15084
280,-24,15080
532,-28,15344
532,-160,15244
432,-44,15172
512,-244,15196
296,372,15508
608,300,15260
676,312,15204
232,372,14784
328,-456,15228
556,-148,14936
440,-648,15052
392,-8,15224
200,-648,14764
388,72,14984
672,12,15164
404,-220,15132
328,-68,15056
56,156,14800
712,-348,15436
872,-512,15372
384,-128,14964
348,52,15168
508,124,14780
588,52,15088
420,-52,15072
468,-28,15136
492,28,15056
532,-32,15104
424,-16,15004
384,132,15008
492,4,14984
528,16,15228
504,172,15016
344,28,15036
440,-56,14928
428,-132,14948
480,-148,15140
672,-116,15328
496,-24,15160
408,152,15124
488,-252,15272
456,-92,14968
228,188,15000
400,-164,15116
4,72,14888
96,428,14968
132,352,15016
348,-324,14632
760,296,15448
8,440,14968
1036,-136,15304
720,-156,14760
468,164,14744
1184,-104,15516
820,264,15524
176,-228,15444
-196,296,14812
156,424,14992
420,-452,15152
820,-848,15732
432,420,14800
348,152,15084
1084,-156,15768
92,228,14732
-12,12,14660
568,-216,15260
884,-352,15448
696,156,15436
592,72,15456
452,124,15756
336,764,14540
524,476,15220
-580,1444,14020
184,-716,14684
348,-612,15280
672,-276,15008
820,-552,15228
-240,780,14716
888,304,15296
-60,164,15368
76,-300,14728
152,216,15264
364,632,14996
316,-100,15496
-508,900,14120
768,368,15204
312,1036,14948
432,-540,15012
660,116,14860
232,-88,14644
-364,1288,14256
256,432,14664
1020,-192,15944
48,220,14956
560,-136,15120
64,-824,15400
1100,-956,15448
616,-676,14944
772,988,15212
508,212,14808
520,452,14972
60,1436,14608
-388,1252,14524
12,60,14884
-180,1436,14244
748,-328,15568
328,-164,15296
260,904,14076
540,0,14996
380,-460,15112
612,500,14932
392,-656,15128
676,-1184,15052
1020,-656,15540
608,1124,15416
676,240,15060
-672,152,14176
568,-172,14964
1504,-876,16084
352,648,14648
144,168,14712
600,404,14676
508,172,15016
848,-836,15544
-16,376,14672
1040,428,15652
800,-324,15648
852,-724,15464
580,-292,14968
608,-788,15040
404,124,15248
-584,1700,14472
596,-504,15368
984,468,15380
160,688,14992
-12,-336,14424
248,392,14636
640,-492,15664
428,288,14968
1072,-100,16292
416,-136,15204
652,960,15148
964,-152,15660
716,376,15352
836,-580,15248
128,336,14168
-292,-56,14120
560,-232,15684
-488,504,14984
628,-132,14980
588,-1100,15212
216,-164,15044
1180,-1192,15464
-88,572,14904
552,68,15040
116,-28,14564
240,-52,14684
472,76,14956
1740,504,15816
640,1148,14656
880,-608,15056
116,-172,15012
1180,-424,15092
752,-932,14984
532,188,15260
692,312,15436
796,-264,15056
188,-76,14784
1192,-1028,15392
328,-340,15380
516,-556,15008
592,-844,14864
544,-376,14736
728,-76,15996
576,-324,15596
1120,-168,15044
408,-80,15024
640,256,15168
748,-772,14904
-384,-464,15312
-184,752,15260
-808,1160,14376
668,100,15328
28,720,14728
-212,1284,14696
820,-576,15480
48,880,15128
-128,552,14300
736,856,15188
324,-12,15264
388,348,15320
-1212,784,14204
392,32,14864
292,-868,15300
-204,16,15084
740,-868,15396
928,-1164,15148
1260,-548,16368
-4,596,15004
-64,280,14768
124,248,15376
716,160,14700
580,-336,14628
1032,-472,15472
1240,-4,15196
1216,380,15300
152,84,15168
-40,1044,15256
648,328,15404
-268,632,14728
588,588,14724
-640,108,13992
920,280,15104
1096,212,15488
-196,-764,14520
332,-72,14800
752,480,15536
-20,-304,14756
-556,392,14992
376,-676,14880
196,188,14912
512,-224,15252
392,-132,14940
996,-728,15716
456,-484,14680
428,-68,14644
2032,-1188,16156
232,508,15044
124,-1052,14596
-696,340,14480
504,460,15512
636,-156,16104
540,-188,15344
516,1032,15076
656,-976,15416
0,524,14212
-44,-88,15164
672,-1644,15300
-380,-88,13744
572,388,15420
-440,1664,14640
472,424,15000
332,-68,14912
812,256,15040
736,-508,15056
632,-188,14912
544,-760,15336
380,24,15056
508,-80,14460
-52,-376,14532
424,-872,14972
480,548,15124
-264,336,14548
208,152,15376
196,-436,14396
588,-228,15372
1116,-1196,15104
-120,784,14916
436,820,15144
308,-188,15164
568,-568,15384
424,480,14992
320,264,15160
684,-832,15028
-188,548,14524
476,172,15060
24,-328,14192
1280,-792,15672
432,236,15436
760,212,15312
640,480,14604
1072,-532,15636
-252,300,14544
692,-564,14984
148,740,14740
-216,324,14460
976,-212,15860
12,-68,14700
340,-980,14924
724,28,15520
204,448,14820
456,-896,15268
20,-352,14948
-144,280,14664
40,-88,14868
56,124,15036
324,-192,15404
724,552,15416
-192,588,14868
440,320,15456
-8,-68,14744
-480,944,14724
656,264,15152
-448,216,14228
252,76,14740
456,-124,15000
-476,-48,14592
612,-20,15592
580,336,15164
540,-400,15044
172,108,14476
976,-300,15120
-132,1500,14764
204,652,13700
408,596,15360
868,164,15260
764,444,15224
716,328,14996
920,-124,15160
1580,-16,15876
76,140,14740
1528,-796,16504
-140,-212,14988
668,-956,15260
196,172,15632
1608,-732,16188
672,488,15260
1784,-1108,16268
796,-288,15612
216,-280,15196
1224,-900,15648
-172,632,14400
188,48,15052
456,208,14844
524,1160,15312
-388,1284,14592
-248,528,14540
360,-108,15288
1140,436,15772
-92,820,14716
920,340,15316
804,-324,15280
116,-4,14656
964,128,15600
-60,-120,14324
704,-448,15472
544,36,15624
860,1080,14868
416,124,15364
1164,-828,15752
912,-400,15364
944,-376,14692
68,-420,14628
444,0,15332
748,-488,15692
-160,320,14616
736,-712,15228
-612,816,14880
520,-492,15060
-348,376,15616
896,-1188,15820
-116,-784,14640
-4,-8,14888
304,360,14932
52,32,14880
-12,1020,14804
756,-144,15152
176,-852,15140
96,748,13952
1108,-388,15752
556,244,15744
-188,656,14892
556,-60,15448
888,124,15436
660,-364,14728
468,-32,14964
924,-176,15244
64,56,15304
392,-760,14716
1152,-100,15080
860,312,15380
1372,-4,15564
1132,200,15272
836,-1228,14916
1148,-256,15540
436,120,15048
880,48,14936
368,544,14960
296,-160,14620
700,352,15476
116,312,14784
388,72,14904
-264,740,15288
528,-500,15184
-88,836,15704
996,-696,15440
960,-408,15540
1296,-1220,15420
820,372,14808
488,-636,14784
464,448,15360
576,-668,15500
936,-728,15024
652,624,15388
344,-296,14700
-208,-352,14760
-1032,904,13884
596,-672,14868
768,-200,15144
124,-32,14664
300,400,15004
216,412,15148
444,8,15104
436,4,15044
312,-172,14992
452,28,15152
444,-16,14964
476,132,15144
424,140,15088
344,-128,15200
356,0,15040
400,108,15004
420,96,15120
440,-16,15252
552,68,15104
560,-68,15148
644,-148,15016
432,72,15064
344,-24,15124
-128,-24,15028
832,96,15548
56,-92,14892
928,360,15500
808,-356,15172
1308,-1072,15440
-76,552,15580
-104,628,13820
-748,796,13820
1068,-748,15892
-136,588,14012
1164,-1160,15300
-88,712,15032
-236,12,15520
744,-408,15240
-144,-84,15372
572,-484,15424
-380,960,15540
836,144,15036
368,-188,15624
276,1576,13976
44,816,14412
-556,176,15136
552,416,15468
984,2024,15252
1300,-312,15340
764,60,15612
-316,80,14816
1024,-124,15484
1256,-1756,15428
-644,316,15656
-44,-1080,15072
-120,508,14412
-652,552,13968
1260,-1000,15636
-604,744,14836
-644,224,14872
668,-640,15840
144,368,15332
436,612,14616
508,-956,15180
648,-896,15320
836,544,15336
-96,-240,14764
612,164,14736
1236,-304,15972
-672,-1208,14036
-152,1284,15008
160,32,14396
1616,-1552,15576
512,-1188,15544
696,1072,15356
-512,676,14808
180,268,15580
356,352,15144
-864,680,13684
-116,1000,14396
1036,-880,15520
-40,736,15284
-832,456,14740
456,-844,14572
872,668,15068
36,40,14764
692,-396,15588
-776,248,13380
-304,-204,13960
1164,632,15608
-168,444,14132
72,824,15176
40,-672,15364
100,-556,14040
428,-220,15292
20,1068,14528
864,-652,15288
-824,-192,14544
8,524,14740
212,-220,15824
-520,-1032,14916
924,-404,15512
964,1224,15588
792,-1156,15196
780,-308,15312
-92,-264,14828
136,440,14624
724,-296,15388
-1024,-540,14472
968,-260,14328
116,1428,14932
640,696,15680
132,-160,15084
612,-348,14436
1084,72,15648
108,-656,14628
-388,-436,14592
120,-540,14456
400,-108,14832
948,-100,15488
-276,880,14732
624,-196,15512
268,1448,14908
1048,-392,14052
620,-424,15352
124,-404,15136
620,-1164,15344
1124,-324,15664
788,692,16060
732,-1108,15552
1548,688,15032
-80,1312,15084
736,-52,15384
724,2480,16060
860,1556,14700
56,-744,14928
456,-348,14784
500,-316,15612
400,-688,15184
680,1048,15476
-180,-796,15120
836,2024,15836
248,1452,14404
468,-432,14628
1312,332,13980
220,-1860,15628
412,456,14864
624,-524,14896
260,764,14404
1404,0,15412
1140,-596,15436
1396,1700,15676
648,252,14784
892,-1024,15316
-136,-348,14544
644,108,15168
84,312,14492
384,72,15324
1064,-1212,15332
476,-1136,14676
-220,-512,15208
648,-324,15120
708,-976,15672
544,328,15436
-220,636,14844
584,1128,15804
152,84,14432
412,-1300,15408
316,544,15488
-12,-828,14928
876,180,14348
-1888,1512,14316
-208,240,14152
312,-556,15376
-188,864,14492
268,300,14932
276,-852,14924
880,548,14960
328,-464,15336
-188,2336,15128
64,-888,15292
728,-400,14888
208,-104,14436
240,168,15512
520,-1080,14052
608,204,15724
636,888,15128
2408,-656,15068
-284,-696,15088
0,1332,14144
196,-40,14432
1432,-848,16092
-448,-312,14476
556,668,15312
-72,468,14764
-648,680,13832
52,392,15292
-1076,1324,14508
948,-364,14440
1020,-608,15268
1164,-544,16640
-1028,832,15092
1156,580,14940
720,780,15768
792,-744,14912
744,-1344,15972
536,176,14304
568,992,15144
-148,1356,14168
220,292,14996
0,312,14064
-504,1332,14080
716,1204,15224
664,404,15872
456,-804,15144
-1024,-880,13924
1008,-156,15864
152,2016,15116
728,324,14972
1052,-112,15028
-96,-244,15180
-452,-1096,14476
-384,1504,14160
580,164,14536
-364,1432,14628
-252,-80,14396
-188,1304,15476
-824,476,13848
172,-312,14980
-316,236,14696
476,252,15816
-528,1128,14000
484,184,15384
904,24,15824
8,448,14600
1244,-1352,15212
680,-680,15148
-324,464,14444
-148,-68,14324
928,-404,14992
-16,-380,14624
608,-1224,15292
920,940,15480
220,340,15484
-88,244,14592
524,-1472,15416
-104,-1080,15232
-76,764,14688
756,-460,14780
-72,-156,14680
1388,-1088,15784
780,-20,14980
304,1544,15040
812,376,14584
664,-92,14900
-148,-824,14952
144,-676,14832
948,-100,14736
960,-40,14712
872,1188,15952
572,1436,15016
472,896,14456
944,368,14800
-112,648,14912
916,-332,15508
652,-1124,14820
272,1116,15720
1448,148,15268
288,-1136,15404
384,428,15652
824,-328,15868
284,1136,14736
24,404,14820
1264,104,16220
584,604,14868
4,968,14952
-428,1100,14540
1052,-476,15032
800,-1144,14824
316,-120,14908
480,-1716,14856
688,-1072,15092
616,-216,15100
300,1248,14912
836,-1600,14740
-16,-244,14356
252,56,14788
564,-808,15256
0,580,14884
940,132,15668
284,152,15360
1284,-588,15640
376,536,14928
208,-200,15144
552,644,14676
-92,664,14848
616,-816,15868
892,-484,15112
516,688,15244
792,236,15352
1336,-252,15560
704,-1252,15400
452,-200,15236
108,-280,15140
-288,1124,14612
408,-56,15772
932,372,15932
760,-340,14584
1032,-256,15324
484,-152,14896
512,-16,15356
-48,1128,14984
2052,-388,15640
900,-296,16020
928,1148,14844
624,-468,14408
424,-8,14796
404,-376,14776
-332,584,14696
1140,-928,15428
596,-920,16016
-132,-308,14488
232,-300,14556
844,16,15856
496,260,14960
700,1144,15332
996,20,15112
-456,472,13908
356,-156,14860
-112,364,15032
1184,-992,15156
748,-20,15408
-220,1428,14160
-716,-484,13840
-184,340,14880
-748,820,14908
636,-288,15296
-344,748,13924
684,-572,14728
476,248,14900
-132,476,14412
1228,-624,16124
224,-808,14836
532,348,14676
108,-128,14836
616,292,15280
-292,1004,14472
1376,-20,14828
1104,2416,15196
520,632,15212
988,-868,15180
80,1320,14984
348,1448,15204
136,-32,15484
684,-596,15676
392,-32,15312
328,-552,15456
208,-280,14700
572,336,15328
-608,440,14436
72,668,14936
0,1116,14096
224,-116,15064
-88,-324,13980
1196,272,15656
792,-452,15740
888,0,15988
744,-1640,16332
-168,1152,14620
888,-56,14960
384,-156,15064
632,260,15592
260,-884,15100
1496,-460,15964
1076,-428,15512
724,-292,14776
1260,196,15412
900,860,15612
712,-312,15420
-760,664,14948
1356,-412,15348
368,-980,15592
1576,240,14968
196,852,15040
240,-576,14312
900,-408,15536
104,-144,15708
44,84,14508
524,1140,15396
-1192,384,14280
440,980,14552
852,-108,15512
1128,280,15652
340,1304,14980
-416,-412,14088
84,44,14396
444,256,14940
476,-428,15312
372,1256,14768
268,-96,14988
40,568,14740
372,-572,15200
972,-636,15764
344,-40,14844
456,112,15564
236,360,14352
932,-268,15356
44,-872,15328
1160,-260,15288
576,384,15664
4,956,14908
-1356,2360,14388
996,-560,15492
1104,-968,15624
680,184,15756
1508,628,15848
856,852,15176
848,-116,15820
996,-312,15380
-68,36,14656
636,116,16080
-28,996,15504
816,276,15464
1544,16,15332
1072,-696,16016
296,164,15276
-300,848,15040
516,-1836,14604
156,-604,15568
1332,344,15444
628,-92,15480
-64,-880,14332
748,448,15568
1344,124,14836
80,-828,15732
528,-1312,14656
-620,-1104,14368
964,-836,15336
664,124,14748
308,-60,15032
340,1300,14836
708,152,15152
756,1372,15416
-100,668,14788
52,-4,14916
228,256,14464
1348,-1316,15400
908,-672,15584
796,292,14896
-184,1080,13888
608,-528,15644
1280,740,15532
-228,1544,15172
-400,1080,14264
1436,76,16220
536,820,14944
-148,1692,14868
884,-280,15152
368,-1444,14916
-88,256,14644
1428,-472,15436
228,1176,15368
40,-96,15016
916,-944,14804
-432,304,14780
304,236,15220
620,136,15816
968,-188,15428
-344,264,14912
248,-148,14524
232,316,14900
188,100,14316
-340,1740,15072
-332,-188,15552
936,268,15340
1364,812,15648
580,112,15456
-176,644,15080
36,-136,14164
268,-712,15244
372,-648,14956
916,-1092,15176
468,756,15136
468,-692,15484
-204,-1272,15912
1008,-684,15068
1072,700,15248
-104,1108,14352
-64,-368,14784
104,576,14884
792,-680,15332
376,412,15808
68,-476,14748
628,-1440,14696
972,-796,15524
216,-968,15616
-584,-288,14328
1116,-312,15376
768,-392,15424
416,-32,15124
-228,-424,14976
140,-612,14840
908,-180,15860
252,444,15600
680,-960,15148
796,604,15232
-60,484,15156
560,-836,15808
844,-796,14880
124,-412,13644
760,-1656,15928
312,1088,15176
-104,-156,14508
1060,-1396,15188
304,676,15104
1372,-36,15736
496,952,15180
356,328,15080
144,1020,14684
816,-556,15684
-100,-32,14620
272,1048,14440
784,396,15012
448,-28,15432
404,-308,14880
940,536,15312
124,-456,14684
496,636,14924
836,1568,15080
464,-772,15536
20,944,14384
616,-636,15124
1356,0,14856
1396,244,15708
388,-76,14808
-500,-1576,14932
576,-660,15244
600,452,14964
-108,-20,14616
76,868,14780
1008,188,15680
8,-948,15112
432,-76,15404
288,-456,14564
676,-4,15336
628,320,15420
572,780,15296
204,1812,14952
88,364,14244
516,1008,15716
0,288,14980
-360,-388,14452
280,-628,14592
604,-720,15496
-88,668,15124
16,1348,15292
-296,1132,14364
80,84,14948
3428,-312,15480
508,-416,15516
-108,-44,14764
572,-464,15080
692,124,15728
12,272,15780
56,-624,14832
16,504,14956
-284,1300,14516
-448,-644,15088
-212,-376,15588
776,288,14880
-284,608,14364
488,-504,14904
1036,804,14888
912,-424,14808
220,-984,15484
1188,420,15488
88,1872,15256
524,152,14908
556,56,15988
452,-736,14800
-568,-360,15148
832,312,15500
112,-324,14900
860,-408,15676
-328,-24,14812
504,344,15036
-772,-1760,14140
212,-824,14368
-408,36,15120
652,1136,15444
284,632,14576
624,-1460,15592
1032,-940,15648
692,108,15356
44,472,14796
-880,672,14800
-208,-720,14400
1272,-172,15392
1660,-2256,15144
168,952,14968
356,192,14984
972,-316,15308
1364,-860,15660
-120,920,14404
588,444,15584
-136,772,15312
648,-8,14736
936,-596,15240
-88,1752,15048
572,916,15276
868,-840,14508
888,-52,15252
-728,-1416,13592
-412,-692,13448
816,288,15428
1084,356,15724
504,-256,15008
868,880,14920
780,-684,15312
772,676,14720
-12,-20,14376
1448,928,15960
368,1072,14492
-384,724,14536
1068,-940,15980
284,1164,14700
316,-948,15360
192,-1464,15384
-80,348,14760
-480,-180,14392
-132,808,15188
1100,152,15672
880,-480,15048
500,384,15096
688,136,15108
-336,-180,14228
-576,1620,14724
536,-736,14872
916,1636,14616
1024,-1164,15292
276,-512,15312
580,-244,15356
844,-580,15228
216,776,14508
136,524,14616
1216,768,15300
-868,2624,14112
324,-1028,14928
-344,2012,14988
656,-1136,15468
288,400,14932
48,1392,14472
36,1032,15048
604,-88,15600
-748,-20,14652
204,548,14768
732,136,15840
28,180,14524
996,-108,15648
516,808,15060
-296,1176,13920
-152,536,14760
488,536,15424
1084,-1224,15828
748,-728,16032
1000,716,15156
-36,-524,15272
-372,1104,15296
-48,968,14544
1092,240,15556
116,1164,14668
948,-1576,14764
1644,-1176,15452
1196,-1152,15312
868,808,15048
-524,272,15076
812,-1176,14492
1620,972,15880
852,-328,15436
1244,-2248,15124
900,-384,15500
364,1428,15924
-532,184,15184
-112,-640,14212
-264,476,15344
432,-848,15620
696,744,15440
612,-1160,15980
760,-1168,15236
444,552,14844
208,896,14832
2316,-3092,16040
-220,212,15116
-188,1108,14892
712,-656,15296
632,-60,15028
1160,652,15708
236,12,15520
-488,-968,14640
-780,1876,14660
612,232,15508
248,1128,15560
772,584,14764
564,268,15764
560,788,15196
416,628,15028
452,-192,14708
1592,-572,16536
376,-804,15448
-160,-272,14660
-108,148,15624
784,620,14980
404,404,15384
192,308,15416
-492,944,14084
248,352,15112
1304,-944,14800
392,-924,15040
-620,-32,14616
652,-1208,15204
1564,400,16324
604,696,15412
932,508,14924
412,48,15540
772,80,14736
916,-1020,14964
428,-540,14644
812,-580,15292
232,-964,15320
1124,-288,15824
-600,-508,14328
860,-236,14932
-104,500,14700
848,-480,15132
-556,1428,14556
968,292,14980
704,508,14712
456,-692,14828
-16,388,14664
748,-380,15640
-1120,-568,14604
544,-752,15444
324,1532,15132
128,-1152,15624
1028,-388,14940
4,-780,14716
-56,96,14940
1040,-948,15272
1204,-12,15324
-356,96,14612
100,-988,15372
1164,-1804,15132
448,-176,14820
104,-8,14528
1184,-440,15224
120,-168,15060
972,192,15300
780,-448,14912
808,-440,15092
952,224,15160
-256,1568,14936
232,-392,15136
720,1692,14736
736,52,15876
716,876,14592
4,1148,15248
844,-1384,15756
392,448,14812
-444,1408,14956
720,-1056,16000
872,1700,15216
600,328,15120
828,444,15312
-192,376,15172
300,-64,14752
-152,112,14672
-440,404,14204
240,964,15016
-228,-776,15264
348,444,15556
632,-184,15240
484,4,15720
164,1664,14420
60,-380,15108
664,-716,16196
820,16,15244
1096,764,14900
656,-104,14772
8,268,15188
1080,-68,14888
1376,-1196,15992
-1104,1292,14720
344,856,15028
-168,-348,15028
8,-908,14332
-436,76,14988
2248,-896,15656
268,-1472,15004
688,1040,15124
-404,296,15008
224,120,14632
-512,-8,14764
528,908,14748
580,348,14904
136,-288,14632
1548,-28,15252
24,436,14624
220,36,14720
-276,1348,14600
204,608,15396
288,200,15216
732,-228,15168
492,800,15312
552,192,16348
752,80,14784
712,-320,15340
528,32,14708
808,-356,14488
540,-344,15172
312,12,15108
-272,-420,14780
224,-864,15448
108,1176,15560
884,176,15608
268,-832,15320
-100,204,14692
1020,-1284,14564
344,-684,15112
148,-632,15856
676,-448,15704
-792,148,14000
-900,-996,14436
416,728,14736
1308,-272,15288
56,-588,14784
-36,-40,14980
532,244,15244
236,364,15156
732,-236,15332
504,264,15452
-92,516,14808
4,-348,14452
540,-188,15052
72,204,15080
192,848,13724
1140,56,15804
-184,260,15048
396,-172,15456
504,-40,15288
312,44,14984
532,-72,15168
324,280,14936
504,84,15196
532,84,15104
580,432,15236
344,272,15180
468,192,14988
220,152,14952
416,-96,15168
456,108,15208
372,-248,15128
416,428,15044
